{"solution": {"x11": 0.14644660940672688, "x12": -0.3535533905932753, "x21": -0.3535533905932753, "x22": 0.8535533905932774}, "cost": -0.4142135623730968}