{"solution": {"y[1]": 0.4545454545454546, "y[2]": 0.36363636363636365}, "cost": 4.0}